id,value
#scrapthecap,1
#boobs,1
#yurtbasvurulariuzatilsin,1
#Contributors,1
#VoteLabour,1
#FAWPL,1
#Pretty,1
#resist,1
#MTVHottest,5
#RMusic,1
#TeamNisqy,1
#Normal,1
#quote,1
#wolflove,1
#MovieTimes,1
#free,1
#EU,1
#ReliveMemories,1
#49erFaithful,1
#WeArePremier,1
#Aries,1
#Free,1
#indiedev,1
#ebay,1
#graffiti,1
#Anadilimize2000Kontenjan,1
#IsDuniaMain,1
#ttot,1
#CFC,1
#jft96,1
#CONCOURS,1
#StopBrexitHour,1
#Netflix,1
#FOTOS,1
#Athletic,1
#backflip,1
#film,1
#HispanicsBreakTheInternet,1
#MercedesAMG,1
#Escuchas,1
#enamorados,1
#MersalMusicLive,2
#prank,1
#PushAwardsMayWards,2
#XXX,1
#ITUNES,1
#VideoLove,1
#WANNAONE,1
#steam,1
#BIGOLIVE,1
#mPLUSPlaces,1
#SanClemente,1
#traveltips,1
#dirtbags,1
#startup,1
#ermalmeta,1
#gangbang,1
#SorteazoGamer,1
#SinglePayer,3
#FordFriday,1
#DJSHYTORONTO,1
#racism,1
#NinerEmpire,1
#ElColorDeTusOjos,1
#tiemposdeguerra,1
#Mersal,2
#Graff,1
#gloriadeus,1
#StreetArtSunday,1
#LordKabir,1
#phew,1
#Thalapathy,2
#FINAWorldJrsIndy,1
#TV2ZULU,1
#USA,1
#art,1
#MercadoLibre,1
#repuesto,1
#3YearsOfDarkAndWild,1
#sex,1
#8,1
#vaporwave,1
#hentai,1
#bilgileriguncelley,1
#Quran,2
#D,2
#ritz,1
#planbskateboards,1
#palitgallery,1
#ExitFromBrexit,1
#12,1
#TheGlassCastle,1
#QS,1
#Race,1
#HateLovePD,1
#ChitChat,1
#AMGAddict,1
#KYK,1
#new,1
#joox,1
#LookUpSpaces,1
#Kedar,1
#DrugPixx,1
#WOOJIN,1
#Y,1
#mersal,1
#Rask,1
#celular,1
#AskTheDragon,1
#NVWIN,1
#WEME,1
#BRITVIDCOLDPLAY,1
#athlive,1
#Ritz27thBDCharity,1
#vanuatu,1
#anal,1
#ilkmobilbahissitesi,2
#f,1
#FelizDomingo,1
#Las20MasSonadas,1
#TysonscornerWestin,1
#RT,1
#CamilaCabello,2
#wannaone,1
#amor,1
#OurPerfectWedding,1
#Getafe,1
#orlygift,1
#Turnup,1
#Liveme,1
#SGRho,1
#HeyMa,2
#ARRIYADH,1
#osym,1
#TSL,1
#KC,1
#ReinventIndie,1
#NinerGang,1
#Texas,1
#car,1
#NewProfilePic,2
#Eshop,1
#weather,1
#bridesandgroomsexpo,1
#TrapaDrive,1
#polqc,1
#romanticas,1
#Flashback,1
#HitmansBodyguard,1
#booty,1
#thebazaartheater,1
#legs,1
#hentaivideo,1
#giveaway,1
#nsfw,1
#TOTCHE,1
#AnnaBelleCreation,1
#entrepreneur,1
#tienda,1
#KCAColombia,2
#pikaluz,1
#LosFesteiros,1
#obena,1
#DetriotMovie,1
#TS6IsComing,1
#izmirescort,12
#puppies,1
#TX,1
#Movie,1
#Hrudayakaleyam,1
#stupid,1
#BeamAFriend,1
#NinerFam,1
#LT,1
#sprayart,1
#rockinnrollin,1
#Music,1
#Vancouver,1
#IOI,1
#nanotechnology,1
#VancouverRally,1
#raptogo,1
#WaterSafety,1
#Tjovitjo,1
